{
    "eval epoch": [
        0,
        5,
        10,
        15,
        20,
        25,
        30,
        35,
        40,
        45,
        50,
        55,
        60,
        65,
        70,
        75,
        80,
        85,
        90,
        95,
        100,
        105,
        110,
        115,
        120,
        125,
        130,
        135,
        140,
        145,
        150,
        155,
        160,
        165,
        170,
        175,
        180,
        185,
        190,
        195,
        200,
        205,
        210,
        215,
        220,
        225,
        230,
        235,
        240,
        245
    ],
    "val loss": [
        494.44923400878906,
        10971.647021484376,
        1053.1659271240235,
        70066.6443359375,
        52063690.0,
        185160527872.0,
        1314035466240.0,
        3154085609472.0,
        334347676680192.0,
        1.937657886092873e+18,
        1.8558230113917336e+16,
        4099983310376141.0,
        2.850022679946199e+16,
        6618125709606912.0,
        2.8333852694266512e+17,
        2.5900104493826048e+17,
        4.3242324472407e+17,
        1.7857241172175488e+18,
        1.9689935474366874e+17,
        5.45550265663619e+16,
        1.0184779536688742e+17,
        5.3526624435773114e+17,
        5.830457317371413e+16,
        5.777094917968049e+18,
        9.070490525034034e+18,
        1.0377077589459495e+19,
        1.8652005907160682e+19,
        1.2135683174936924e+19,
        1.0392420655749818e+19,
        6.108786300975213e+18,
        1.0892267444701757e+18,
        1.9607972551873005e+17,
        4.3197745976049664e+17,
        2.103729905622581e+17,
        7.457068179483788e+17,
        3.57168608972395e+18,
        8.403700095889336e+18,
        7.215219876716085e+18,
        4.999090419259146e+18,
        3.9575047336544435e+18,
        2.216433070687958e+20,
        6.909867867705193e+23,
        2.08403054405076e+25,
        9.350404296556626e+25,
        1.9666233467690886e+26,
        1.743706717602763e+27,
        2.9041721910970414e+28,
        1.63766250758378e+28,
        7.870528561440489e+27,
        6.096682213386074e+27
    ],
    "test loss": [
        449.5095527648926,
        10779.248486328124,
        980.7083938598632,
        63971.41015625,
        45716921.8,
        152596603289.6,
        879921292902.4,
        2334388073267.2,
        292584768615219.2,
        1.6715139222763208e+18,
        1.58185945466667e+16,
        3773822795985715.0,
        2.462191052275057e+16,
        5570943493603328.0,
        2.307348395250942e+17,
        1.3268335222199419e+17,
        1.7275787099483667e+17,
        8.740794115681157e+17,
        1.4852189667700243e+17,
        4.7592731893458536e+16,
        8.81098728159576e+16,
        1.6325729853888266e+17,
        3.97275677713236e+16,
        3.3058394396755244e+20,
        2.2276660845857682e+20,
        1.9117470878176746e+20,
        1.2300254271072204e+20,
        4.4927480248479515e+19,
        1.887666472001764e+19,
        5.951527715827666e+18,
        8.262314417941644e+17,
        1.6473026358600006e+17,
        3.577895894315434e+17,
        1.7391196006053315e+17,
        5.234618574571569e+17,
        2.2562715961948897e+18,
        5.435518373953378e+18,
        6.650401853039182e+18,
        4.066771093102474e+18,
        2.2638509682754114e+19,
        5.5178468795227315e+26,
        7.1396151126293e+26,
        5.9808011176300636e+26,
        7.66766128263861e+26,
        9.761457986769386e+26,
        1.2451615612980198e+27,
        1.5645014379739442e+27,
        1.9659358689519051e+27,
        2.4603524712157365e+27,
        3.0632049178614103e+27
    ],
    "train loss": [
        18108.3974070549,
        865.7077329158783,
        483.4584538936615,
        2625.496754169464,
        404.45170307159424,
        416.6570783853531,
        4568.818635225296,
        1109.8810214996338,
        144.55708277225494,
        1032.4676291942596,
        198.92795324325562,
        1019.3929079771042,
        2233.1821390390396,
        92519657.31650972,
        2261385.2260742188,
        24184063.392089844,
        347447.9580078125,
        3398622.8681640625,
        29929795.3125,
        9184368635.875,
        25050326450.0,
        1820224078322.7734,
        211383029941.21875,
        892125971456.0,
        437462914816.0,
        592114122112.0,
        546527869328.0,
        553947966976.0,
        392230923392.0,
        473712324288.0,
        403495308928.0,
        398873663104.0,
        245951462912.0,
        177738416128.0,
        4359675933184.0,
        83147562852352.0,
        43049480261632.0,
        67831227482112.0,
        24552680456192.0,
        35267453329408.0,
        363384093941760.0,
        3678402927669248.0,
        3673892180721664.0,
        2506612887519232.0,
        3.434822441505915e+17,
        2.817969858707194e+18,
        7.462247898231603e+17,
        1.450843459026944e+16,
        2.670593337144115e+16,
        1.756914891358208e+16,
        6485542015336448.0,
        1.2568180866154496e+17,
        2.5804034396913664e+17,
        2.379193114624e+16,
        1.8085577408643072e+17,
        4.698024565958246e+16,
        6.67398135831593e+16,
        2.3079559956843725e+17,
        4.004883547239219e+16,
        3.0619670545432576e+16,
        5.574000798964122e+16,
        1.4705417024176128e+16,
        4770312088453120.0,
        1.0867395845423104e+16,
        6709646161084416.0,
        3.697993994102374e+16,
        2.485434394555187e+16,
        1.012191898590249e+17,
        2.686677436690596e+17,
        4.13976248948097e+17,
        2.899465173079163e+17,
        1.6666098565696717e+17,
        4.569180188998369e+17,
        1.984080137473229e+16,
        2.114152708649779e+16,
        9.556736226623488e+16,
        1.2159204913158554e+17,
        1.190684474128466e+17,
        9.645440978072371e+16,
        1.4021480814949171e+17,
        1.3141991543642522e+17,
        2.625153267662848e+17,
        1.6286008106549248e+17,
        2.7240911357136077e+17,
        5.983581792056115e+17,
        1.4365517818059817e+18,
        5.253517699836805e+17,
        2.2608789557896806e+17,
        1.3610124926622106e+17,
        5.081586006281421e+16,
        1.9829957635919053e+17,
        8.050335167807488e+16,
        5.182597154367078e+16,
        1.8535633673571533e+17,
        5.5956380335262925e+17,
        2.27071464833024e+17,
        4.330053326759526e+16,
        1.5317709501340058e+17,
        1.3658376803817882e+17,
        1.6246911126627942e+17,
        1.439505759380439e+17,
        7.07243363312599e+16,
        4.724128030308434e+17,
        4.8304994130067456e+17,
        4.117210947649536e+17,
        1.6896686098795725e+17,
        2.63656749758677e+17,
        1.7625228408940134e+17,
        2.9906348921585664e+16,
        1.1957118789746688e+16,
        2.727081746943181e+16,
        4.591691768843469e+16,
        2.787602117689344e+16,
        1.0411072565542912e+16,
        5.490397233412508e+20,
        4.913247082117868e+20,
        4.070475463783518e+20,
        1.474772722513552e+21,
        1.4608795873607376e+21,
        1.2887718390972757e+21,
        1.1772368947597699e+21,
        1.0817353828923888e+21,
        1.0620523006396381e+21,
        9.918457297541467e+20,
        9.685179071670371e+20,
        8.456935341755109e+20,
        8.304306823780347e+20,
        5.80881706898774e+20,
        6.649260978471164e+20,
        6.675061994633497e+20,
        1.295566194836599e+20,
        4.9809569395172075e+20,
        4.3086097342553444e+20,
        4.055685544054914e+20,
        1.990049126904517e+20,
        2.0152473110779108e+20,
        1.703354449294839e+20,
        1.526273433871057e+20,
        1.4809967541584344e+20,
        1.3385494310762316e+20,
        1.1620666719550308e+20,
        1.054455177493642e+20,
        7.753172663490157e+19,
