{
    "eval epoch": [
        0,
        1,
        2,
        3,
        4,
        5,
        6,
        7,
        8,
        9,
        10,
        11,
        12,
        13,
        14,
        15,
        16,
        17,
        18,
        19,
        20,
        21,
        22,
        23,
        24,
        25,
        26,
        27,
        28,
        29,
        30,
        31
    ],
    "val loss": [
        0.09724764674901962,
        0.08006664291024208,
        0.062274681963026525,
        0.05990869477391243,
        0.05783877409994602,
        0.056049353815615176,
        0.055164856277406214,
        0.054011156968772414,
        0.053330836817622185,
        0.05263629164546728,
        0.05199717078357935,
        0.05123945996165276,
        0.050341750122606756,
        0.04934245552867651,
        0.04835169166326523,
        0.0473002290353179,
        0.0462282557040453,
        0.04489992205053568,
        0.04358531106263399,
        0.04231162276118994,
        0.040902120806276795,
        0.03927426598966122,
        0.037631778977811337,
        0.0355724235996604,
        0.033316388726234436,
        0.03097287639975548,
        0.028687494713813065,
        0.02683554235845804,
        0.025030729547142982,
        0.02358152586966753,
        0.022441116627305746,
        0.02143757017329335
    ],
    "test loss": [
        0.1646916549652815,
        0.0803347360342741,
        0.06090438365936279,
        0.05822576731443405,
        0.05584555696696043,
        0.05388502590358257,
        0.05303585082292557,
        0.051744441501796246,
        0.051064887270331386,
        0.05042490903288126,
        0.04977151099592447,
        0.04901739116758108,
        0.04809478335082531,
        0.047215303592383864,
        0.04624157063663006,
        0.045413274131715295,
        0.044143307767808435,
        0.0430375861003995,
        0.04191226940602064,
        0.040484039857983586,
        0.03937402050942183,
        0.03755142893642187,
        0.03593133511021733,
        0.03406585408374667,
        0.03195647764950991,
        0.029760883189737797,
        0.027714291121810675,
        0.026037724409252404,
        0.024438873026520015,
        0.023027151729911564,
        0.02188593363389373,
        0.020881394296884535
    ],
    "train loss": [
        0.10270691563685735,
        0.09344160209099452,
        0.06989804618060588,
        0.06129433152576288,
        0.05859447022279104,
        0.0565248883018891,
        0.055054463197787604,
        0.054007985070347785,
        0.0531532938281695,
        0.05244124991198381,
        0.05179668304820855,
        0.05105938787261645,
        0.050488193457325296,
        0.04952932223677635,
        0.048519210517406465,
        0.04759724487860997,
        0.04651203490793705,
        0.04545338898897171,
        0.044257808352510135,
        0.04302532579749822,
        0.041692785049478216,
        0.04017166309058666,
        0.038773679981629054,
        0.036846185972293215,
        0.034659439139068125,
        0.03241235135744015,
        0.03002963593850533,
        0.02803888643781344,
        0.02604466906438271,
        0.02469459765901168,
        0.02333109130462011,
        0.022189834900200368
    ],
    "val loss amse": [
        0.06111243274062872,
        0.03240474984049797,
        0.027555920463055373,
        0.025880934298038484,
        0.024819561932235955,
        0.024072565510869025,
        0.023615307919681073,
        0.023193411715328693,
        0.022853989247232677,
        0.02257252261042595,
        0.022281140834093095,
        0.0221265678294003,
        0.021617791149765253,
        0.021245845779776572,
        0.02068487452343106,
        0.02025400698184967,
        0.01986125875264406,
        0.01925453981384635,
        0.018758475594222546,
        0.018304847227409483,
        0.017800949048250914,
        0.017256823554635047,
        0.016683895094320177,
        0.015934995003044607,
        0.015099906269460917,
        0.014256351441144944,
        0.013338152365759016,
        0.012542552733793854,
        0.011765673197805882,
        0.011155110411345958,
        0.010635064309462905,
        0.010132975736632943
    ],
    "test loss amse": [
        0.1349268641322851,
        0.03244426939636469,
        0.026922737900167703,
        0.025000877026468516,
        0.023881573509424926,
        0.02310164263471961,
        0.022797146160155535,
        0.02224193252623081,
        0.021919811517000197,
        0.021747428737580777,
        0.021394450031220914,
        0.021328520122915508,
        0.0206588258035481,
        0.020425960049033166,
        0.019833059329539538,
        0.019559453893452882,
        0.01900288397446275,
        0.01853712974116206,
        0.01813406222499907,
        0.017561755049973725,
        0.01726436917670071,
        0.01653985525481403,
        0.01597062898799777,
        0.015305304201319814,
        0.014554267562925816,
        0.013767587905749678,
        0.012914880737662315,
        0.012211835430935025,
        0.011495982576161624,
        0.01089801462367177,
        0.010381919704377652,
        0.009881096007302404
    ],
    "train loss amse": [
        0.050654677053292595,
        0.04369515050202608,
        0.03009866407761971,
        0.02684595100581646,
        0.025342579061786333,
        0.024368028342723846,
        0.02372349090874195,
        0.023259872384369374,
        0.022925320329765478,
        0.022633917878071466,
        0.022382857650518416,
        0.022056093749900658,
        0.02185036800801754,
        0.021407655502359072,
        0.02092281642059485,
        0.020519587552795808,
        0.02006031262377898,
        0.01961238340785106,
        0.019116933550685646,
        0.018666254542768,
        0.01819081191594402,
        0.017642129864543676,
        0.01723233222340544,
        0.016507540984700125,
        0.015664484103520712,
        0.014816084907700618,
        0.013909541194637616,
        0.013147803706427414,
        0.01225013801207145,
        0.011673165454218785,
        0.011053284645701449,
        0.010540491187324126
    ],
    "momentum_loss": [
        0.15141352663437527,
        0.1522106279929479,
        0.15502851009368895,
        0.1598505179087321,
        0.1630657414595286,
        0.1635974794626236,
        0.16565826733907063,
        0.1655999054511388,
        0.16792121877272922,
        0.16912955244382222,
        0.17018383691708247,
        0.17109350512425106,
        0.1726858084400495,
        0.17455468426148096,
        0.17635148763656616,
        0.17774981160958608,
        0.18025866498549778,
        0.18257367114226022,
        0.18519365241130192,
        0.1876442496975263,
        0.19106067965428034,
        0.19429380943377814,
        0.19822782476743062,
        0.20305053542057674,
        0.20877026170492172,
        0.2138752296566963,
        0.21950633376836776,
        0.2213757370909055,
        0.22267890920241673,
        0.2226955845952034,
        0.22172589947779972,
        0.22121109416087467
    ]
}