{
    "eval epoch": [
        0,
        5,
        10,
        15,
        20,
        25,
        30,
        35,
        40,
        45,
        50,
        55,
        60,
        65,
        70,
        75,
        80,
        85,
        90,
        95,
        100,
        105,
        110,
        115,
        120,
        125,
        130,
        135,
        140,
        145,
        150,
        155,
        160,
        165,
        170,
        175,
        180,
        185,
        190,
        195,
        200,
        205,
        210,
        215,
        220,
        225,
        230,
        235,
        240,
        245
    ],
    "val loss": [
        26688.4404296875,
        50576.7294921875,
        71141.85859375,
        1380314.50625,
        43854.855078125,
        97628.68359375,
        107172.98984375,
        98638.95234375,
        85467.610546875,
        72726.6744140625,
        62747.258984375,
        50164.3556640625,
        30755.84501953125,
        7.94948520811186e+22,
        7.907286952195485e+22,
        1.4543021560583328e+23,
        1.4543070084582329e+23,
        1.4543100788224632e+23,
        1.454312715768006e+23,
        1.4543153882145803e+23,
        1.4539427943167384e+23,
        1.453949069713384e+23,
        1.4539555312881465e+23,
        1.453963161441557e+23,
        1.4543512535810198e+23,
        1.4539771204232731e+23,
        1.454366109072342e+23,
        1.4536199976152595e+23,
        1.4540390597444941e+23,
        1.4543958260179237e+23,
        1.4547821657329272e+23,
        1.4547893198098187e+23,
        1.4565574614494095e+23,
        1.528612267158061e+23,
        2.1682210579574494e+23,
        2.3112550987844696e+23,
        1.4551655217757143e+23,
        1.4551653025898864e+23,
        1.4563054180915739e+23,
        1.4551647790979948e+23,
        1.452148316195847e+23,
        1.4540641629777894e+23,
        1.4521938538017774e+23,
        1.4529584232167926e+23,
        1.4541089837738025e+23,
        1.4541309538377018e+23,
        1.4549083175164336e+23,
        1.4798858320585698e+23,
        1.5253026884983844e+23,
        1.6061768990682583e+23
    ],
    "test loss": [
        26000.3619140625,
        48437.228515625,
        77766.365234375,
        868125.4875,
        42612.8591796875,
        93929.5484375,
        102073.425,
        92273.5984375,
        80724.571875,
        69096.4294921875,
        60150.2494140625,
        48282.6943359375,
        30528.59375,
        3.427124699818431e+21,
        3.227958635797505e+21,
        5.94629083848169e+21,
        5.946298494601056e+21,
        5.946303448560647e+21,
        5.946310203960088e+21,
        5.946293090281504e+21,
        5.947960322863559e+21,
        5.94796302502336e+21,
        5.947965727183459e+21,
        5.947972932947279e+21,
        5.944604690821714e+21,
        5.942919444039806e+21,
        5.941256715815057e+21,
        5.942923049906904e+21,
        5.944624547580562e+21,
        5.949691525224533e+21,
        5.937961019895017e+21,
        5.943082552884718e+21,
        6.129056039047541e+21,
        1.613434303343265e+23,
        7.777892381397925e+24,
        6.527671666740895e+24,
        5.944763525149588e+21,
        5.941409874296711e+21,
        5.941415665484999e+21,
        5.944841681060269e+21,
        5.949986835242759e+21,
        5.941744655684041e+21,
        5.938399297027904e+21,
        5.93838846543065e+21,
        5.94011376264683e+21,
        5.933413236947954e+21,
        5.935158906011224e+21,
        5.930285301321209e+21,
        5.932039315497124e+21,
        5.932035204263991e+21
    ],
    "train loss": [
        84945.56960391998,
        36915.67919921875,
        54393.66064453125,
        35662.942138671875,
        48577.44982910156,
        33120.636962890625,
        46169.41027832031,
        75675.5009765625,
        112541.10546875,
        72030.52563476562,
        61954.27197265625,
        155324.29223632812,
        378446.2712402344,
        257956.46850585938,
        537840.6899414062,
        505458.8720703125,
        685169.1357421875,
        112632.04174804688,
        65980.76831054688,
        51637.44091796875,
        42551.057861328125,
        41714.501708984375,
        50051.77783203125,
        60984.67919921875,
        74378.078125,
        88842.26806640625,
        100835.626953125,
        110483.09716796875,
        1178514137.2006836,
        178978.857421875,
        105595.400390625,
        64123121737.86865,
        105552.85009765625,
        104201.5341796875,
        101200.12646484375,
        98294.76953125,
        95680.125,
        92604.6279296875,
        90200.09326171875,
        86938.73974609375,
        84535.26953125,
        82111.02490234375,
        79348.814453125,
        77322.5556640625,
        74798.8740234375,
        72354.6650390625,
        69919.42700195312,
        67810.47143554688,
        65814.0166015625,
        82975.02197265625,
        114096.17211914062,
        60473.037841796875,
        65642.49584960938,
        56279.39306640625,
        53867.85302734375,
        50895.58935546875,
        47851.596923828125,
        43975.646484375,
        39707.873291015625,
        35231.4033203125,
        31822.09130859375,
        30384.377563476562,
        28969.198120117188,
        7.244360354333312e+20,
        7.23351899376158e+20,
        1.9024083027940312e+21,
        1.9039053274576669e+21,
        1.7280448285584298e+21,
        1.7262792767670122e+21,
        1.730078344527676e+21,
        1.7267959944555088e+21,
        1.72680915341067e+21,
        1.7223927406573356e+21,
        4.273652445058911e+21,
        4.2600382041228585e+21,
        1.6436231458858478e+21,
        4.270197058244811e+21,
        4.25286031074176e+21,
        4.2507564260283363e+21,
        4.278103831078102e+21,
        4.2570043260863827e+21,
        4.2528446888805526e+21,
        4.264904624995209e+21,
        4.266210528149658e+21,
        4.2638904706541206e+21,
        4.2690746767751774e+21,
        4.262553464514745e+21,
        4.273245572980076e+21,
        2.610685757015892e+21,
        4.273944193872272e+21,
        4.2713640534982535e+21,
        4.2743524733259906e+21,
        4.263996445982852e+21,
        4.270453622686083e+21,
        4.265978311293872e+21,
        4.2575305435553433e+21,
        4.2573488514578766e+21,
        4.2728613596368664e+21,
        4.2727966203922245e+21,
        4.2707774596467943e+21,
        4.26326052965625e+21,
        4.267146713922211e+21,
        4.2725531445373677e+21,
        4.257219513706116e+21,
        4.2700447802824107e+21,
        4.266258378895791e+21,
        4.248757390743892e+21,
        4.2669533406134864e+21,
        4.2611652299300395e+21,
        4.2593298723445324e+21,
        4.269234413825549e+21,
        4.2680671370975794e+21,
        4.272699793002556e+21,
        1.6435433665416363e+21,
        4.2673630274470727e+21,
        4.2589238446958916e+21,
        4.276196415912762e+21,
        4.252136779336208e+21,
        4.246029616773488e+21,
        4.260661952712505e+21,
        4.2562674246580794e+21,
        4.268887918220086e+21,
        2.6296287415533206e+21,
        1.6414881771613365e+21,
        4.2744996849302577e+21,
        4.2687758914291305e+21,
        4.26509265066954e+21,
        4.2800983633639585e+21,
        4.2501822178398616e+21,
        4.268779128649893e+21,
        4.260391738014806e+21,
        4.265380881459229e+21,
        4.2535851108999323e+21,
        4.2646960535026417e+21,
        1.637359223963439e+21,
        4.268536640945344e+21,
        2.633645393803259e+21,
        4.258907524599262e+21,
        4.2717985133226675e+21,
        4.2665946935680466e+21,
        4.390061709654822e+21,
        4.360480980248318e+21,
        4.3080813298643386e+21,
        4.2865638824655386e+21,
        4.279600606325662e+21,
        4.270133265596158e+21,
